region_A,A_sig,B_sig,C_sig,D_sig,A_bkg,B_bkg,C_bkg,D_bkg,B_data,C_data,D_data,A_pred,fom
abcdnet_score > 0.9857070707070706 and abs_deta_jj > 6.0 and hbbfatjet_xbb > 0.8 and ld_vqqfatjet_xwqq > 0.6 and ld_vqqfatjet_xvqq > 0.6 and M_jj > 1000.0,0.7961190945401405,0.3510948117810296,5.935514328006164,2.856619508474765,1.3747294538961299,3.55875095650551,813.0184168371202,1446.6785822506595,7,1461,2632,3.8856382978723403,0.403874891997531
abcdnet_score > 0.9854545454545455 and abs_deta_jj > 6.0 and hbbfatjet_xbb > 0.8 and ld_vqqfatjet_xwqq > 0.6 and ld_vqqfatjet_xvqq > 0.6 and M_jj > 1000.0,0.8071912837349973,0.3536922980864786,5.924442138811306,2.854022022169316,1.3747294538961299,3.55875095650551,813.0184168371202,1446.6785822506595,7,1461,2632,3.8856382978723403,0.4094918646915876
abcdnet_score > 0.9852020202020202 and abs_deta_jj > 6.0 and hbbfatjet_xbb > 0.8 and ld_vqqfatjet_xwqq > 0.6 and ld_vqqfatjet_xvqq > 0.6 and M_jj > 1000.0,0.8106143018835378,0.35876929532265467,5.921019120662766,2.84894502493314,1.3747294538961299,3.594906479270588,813.0184168371202,1446.642426727894,7,1461,2632,3.8856382978723403,0.41122837760093556
abcdnet_score > 0.9849494949494949 and abs_deta_jj > 6.0 and hbbfatjet_xbb > 0.8 and ld_vqqfatjet_xwqq > 0.6 and ld_vqqfatjet_xvqq > 0.6 and M_jj > 1000.0,0.82175717677038,0.36532259002656753,5.909876245775925,2.8423917302292274,1.3747294538961299,3.614947258867901,813.0184168371202,1446.6223859482968,7,1461,2632,3.8856382978723403,0.4168812094728616
abcdnet_score > 0.9846969696969696 and abs_deta_jj > 6.0 and hbbfatjet_xbb > 0.8 and ld_vqqfatjet_xwqq > 0.6 and ld_vqqfatjet_xvqq > 0.6 and M_jj > 1000.0,0.8263597493932077,0.3672408006893805,5.905273673153097,2.840473519566414,1.3747294538961299,3.659498426672496,813.0184168371202,1446.5778347804921,7,1461,2632,3.8856382978723403,0.419216115812508
abcdnet_score > 0.9864646464646465 and abs_deta_jj > 6.0 and hbbfatjet_xbb > 0.8 and ld_vqqfatjet_xwqq > 0.6 and ld_vqqfatjet_xvqq > 0.6 and M_jj > 1000.0,0.7711288827220972,0.3409532398868025,5.960504539824207,2.8667610803689922,1.3747294538961299,2.8423526296996786,813.0184168371202,1447.394980577465,6,1462,2633,3.331560957083175,0.42247701697955176
abcdnet_score > 0.9844444444444445 and abs_deta_jj > 6.0 and hbbfatjet_xbb > 0.8 and ld_vqqfatjet_xwqq > 0.6 and ld_vqqfatjet_xvqq > 0.6 and M_jj > 1000.0,0.8391763884579242,0.3672408006893805,5.8924570340883795,2.840473519566414,1.3747294538961299,3.729238299209664,813.0184168371202,1446.508094907955,7,1461,2632,3.8856382978723403,0.4257180559789145
abcdnet_score > 0.9862121212121212 and abs_deta_jj > 6.0 and hbbfatjet_xbb > 0.8 and ld_vqqfatjet_xwqq > 0.6 and ld_vqqfatjet_xvqq > 0.6 and M_jj > 1000.0,0.7786091944664291,0.3457485722827184,5.953024228079875,2.8619657479730765,1.3747294538961299,2.9262664199311454,813.0184168371202,1447.3110667872336,6,1462,2633,3.331560957083175,0.42657524214350445
abcdnet_score > 0.9859595959595959 and abs_deta_jj > 6.0 and hbbfatjet_xbb > 0.8 and ld_vqqfatjet_xwqq > 0.6 and ld_vqqfatjet_xvqq > 0.6 and M_jj > 1000.0,0.7892601228886074,0.347429005709004,5.942373299657698,2.8602853145467906,1.3747294538961299,3.3747521596220165,813.0184168371202,1446.8625810475428,6,1461,2633,3.329282187618686,0.4325585065893806
abcdnet_score > 0.9841919191919192 and abs_deta_jj > 6.0 and hbbfatjet_xbb > 0.8 and ld_vqqfatjet_xwqq > 0.6 and ld_vqqfatjet_xvqq > 0.6 and M_jj > 1000.0,0.8528774465268638,0.3679694104881148,5.8787559760194394,2.83974490976768,1.374921435480202,3.729238299209664,813.018224855536,1446.508094907955,7,1461,2632,3.8856382978723403,0.43266866598914316
abcdnet_score > 0.9839393939393939 and abs_deta_jj > 6.0 and hbbfatjet_xbb > 0.8 and ld_vqqfatjet_xwqq > 0.6 and ld_vqqfatjet_xvqq > 0.6 and M_jj > 1000.0,0.8647134878699271,0.37357402879204615,5.8669199346763765,2.834140291463749,1.374921435480202,3.909705536372228,813.018224855536,1446.3276276707925,7,1461,2632,3.8856382978723403,0.4386731444043597
abcdnet_score > 0.9836868686868687 and abs_deta_jj > 6.0 and hbbfatjet_xbb > 0.8 and ld_vqqfatjet_xwqq > 0.6 and ld_vqqfatjet_xvqq > 0.6 and M_jj > 1000.0,0.876910729921521,0.37456961534091904,5.854722692624784,2.8331447049148757,1.5706251668323163,3.929265278167447,812.822521124184,1446.3080679289974,7,1461,2632,3.8856382978723403,0.44486086160652116
abcdnet_score > 0.9834343434343434 and abs_deta_jj > 6.0 and hbbfatjet_xbb > 0.8 and ld_vqqfatjet_xwqq > 0.6 and ld_vqqfatjet_xvqq > 0.6 and M_jj > 1000.0,0.8889393942517767,0.37992987486740426,5.842694028294527,2.8277844453883905,1.5706251668323163,4.1373777820122735,812.822521124184,1446.0999554251525,7,1461,2632,3.8856382978723403,0.4509630585523974
abcdnet_score > 0.9831818181818182 and abs_deta_jj > 6.0 and hbbfatjet_xbb > 0.8 and ld_vqqfatjet_xwqq > 0.6 and ld_vqqfatjet_xvqq > 0.6 and M_jj > 1000.0,0.898226283366464,0.38033637520282737,5.833407139179839,2.8273779450529677,1.5706251668323163,4.1373777820122735,812.822521124184,1446.0999554251525,7,1461,2632,3.8856382978723403,0.45567434027382614
abcdnet_score > 0.9867171717171717 and abs_deta_jj > 6.0 and hbbfatjet_xbb > 0.8 and ld_vqqfatjet_xwqq > 0.6 and ld_vqqfatjet_xvqq > 0.6 and M_jj > 1000.0,0.7623293769914543,0.337195358051667,5.96930404555485,2.8705189622041276,1.3747294538961299,2.7269670918990863,813.0184168371202,1447.5103661152655,5,1462,2634,2.7752467729688686,0.4576061503115608
abcdnet_score > 0.9829292929292929 and abs_deta_jj > 6.0 and hbbfatjet_xbb > 0.8 and ld_vqqfatjet_xwqq > 0.6 and ld_vqqfatjet_xvqq > 0.6 and M_jj > 1000.0,0.9052636940290728,0.38604004612522286,5.826369728517231,2.821674274130572,1.5706251668323163,4.1373777820122735,812.822521124184,1446.0999554251525,7,1461,2632,3.8856382978723403,0.459244451191647
abcdnet_score > 0.9826767676767677 and abs_deta_jj > 6.0 and hbbfatjet_xbb > 0.8 and ld_vqqfatjet_xwqq > 0.6 and ld_vqqfatjet_xvqq > 0.6 and M_jj > 1000.0,0.9123383898310599,0.3909329877670394,5.819295032715244,2.8167813324887554,1.6871514347294385,4.1373777820122735,812.7059948562869,1446.0999554251525,7,1461,2632,3.8856382978723403,0.46283347703280375
abcdnet_score > 0.970050505050505 and abs_deta_jj > 6.0 and hbbfatjet_xbb > 0.8 and ld_vqqfatjet_xwqq > 0.6 and ld_vqqfatjet_xvqq > 0.6 and M_jj > 1000.0,1.207650267993246,0.5258836515459999,5.523983154553058,2.681830668709795,2.979864332479209,7.030275769406322,811.413281958537,1443.2070574377583,12,1459,2627,6.664636467453369,0.4677921713690649
abcdnet_score > 0.9697979797979798 and abs_deta_jj > 6.0 and hbbfatjet_xbb > 0.8 and ld_vqqfatjet_xwqq > 0.6 and ld_vqqfatjet_xvqq > 0.6 and M_jj > 1000.0,1.2111356068737003,0.5258836515459999,5.520497815672603,2.681830668709795,2.979864332479209,7.030275769406322,811.413281958537,1443.2070574377583,12,1459,2627,6.664636467453369,0.46914224289726825
abcdnet_score > 0.9824242424242424 and abs_deta_jj > 6.0 and hbbfatjet_xbb > 0.8 and ld_vqqfatjet_xwqq > 0.6 and ld_vqqfatjet_xvqq > 0.6 and M_jj > 1000.0,0.925240507764692,0.3909329877670394,5.806392914781611,2.8167813324887554,1.6871514347294385,4.1886574461015496,812.7059948562869,1446.0486757610631,7,1461,2632,3.8856382978723403,0.46937878102403013
abcdnet_score > 0.9695454545454545 and abs_deta_jj > 6.0 and hbbfatjet_xbb > 0.8 and ld_vqqfatjet_xwqq > 0.6 and ld_vqqfatjet_xvqq > 0.6 and M_jj > 1000.0,1.2149014464388408,0.5283550323963023,5.516731976107463,2.6793592878594925,2.979864332479209,7.091797528313106,811.413281958537,1443.1455356788515,12,1459,2627,6.664636467453369,0.4706009684189641
abcdnet_score > 0.9692929292929293 and abs_deta_jj > 6.0 and hbbfatjet_xbb > 0.8 and ld_vqqfatjet_xwqq > 0.6 and ld_vqqfatjet_xvqq > 0.6 and M_jj > 1000.0,1.2181669419991505,0.5298034745246865,5.513466480547153,2.677910845731108,3.124878093476765,7.104764329362673,811.2682681975396,1443.1325688778022,12,1459,2627,6.664636467453369,0.471865882027845
abcdnet_score > 0.9718181818181818 and abs_deta_jj > 6.0 and hbbfatjet_xbb > 0.8 and ld_vqqfatjet_xwqq > 0.6 and ld_vqqfatjet_xvqq > 0.6 and M_jj > 1000.0,1.1664018198350319,0.5089557343800831,5.565231602711272,2.6987585858757117,2.484320523387009,6.621330077761679,811.9088257676293,1443.616003129403,11,1459,2628,6.106925418569254,0.471994437524347
abcdnet_score > 0.9821717171717171 and abs_deta_jj > 6.0 and hbbfatjet_xbb > 0.8 and ld_vqqfatjet_xwqq > 0.6 and ld_vqqfatjet_xvqq > 0.6 and M_jj > 1000.0,0.9306286412623578,0.39172302439171697,5.801004781283947,2.815991295864078,1.6871514347294385,4.2318086051583546,812.7059948562869,1446.0055246020063,7,1461,2632,3.8856382978723403,0.4721122060220765
abcdnet_score > 0.969040404040404 and abs_deta_jj > 6.0 and hbbfatjet_xbb > 0.8 and ld_vqqfatjet_xwqq > 0.6 and ld_vqqfatjet_xvqq > 0.6 and M_jj > 1000.0,1.2225165543695464,0.533512456816998,5.509116868176757,2.674201863438797,3.124878093476765,7.106169781714518,811.2682681975396,1443.1311634254503,12,1459,2627,6.664636467453369,0.4735507362189034
abcdnet_score > 0.9715656565656565 and abs_deta_jj > 6.0 and hbbfatjet_xbb > 0.8 and ld_vqqfatjet_xwqq > 0.6 and ld_vqqfatjet_xvqq > 0.6 and M_jj > 1000.0,1.1722560759779346,0.5113750964405042,5.55937734656837,2.696339223815291,2.4853291817187624,6.6670706911884166,811.9078171092975,1443.570262515976,11,1459,2628,6.106925418569254,0.47436341216782246
abcdnet_score > 0.9713131313131312 and abs_deta_jj > 6.0 and hbbfatjet_xbb > 0.8 and ld_vqqfatjet_xwqq > 0.6 and ld_vqqfatjet_xvqq > 0.6 and M_jj > 1000.0,1.174977821995713,0.5131511606667696,5.556655600550591,2.694563159589025,2.4853291817187624,6.70982328571803,811.9078171092975,1443.5275099214464,11,1459,2628,6.106925418569254,0.47546478989109037
abcdnet_score > 0.9819191919191919 and abs_deta_jj > 6.0 and hbbfatjet_xbb > 0.8 and ld_vqqfatjet_xwqq > 0.6 and ld_vqqfatjet_xvqq > 0.6 and M_jj > 1000.0,0.9382419260640835,0.39395802027092447,5.79339149648222,2.8137562999848704,1.6871514347294385,4.2318086051583546,812.7059948562869,1446.0055246020063,7,1461,2632,3.8856382978723403,0.47597446054923304
abcdnet_score > 0.9710606060606061 and abs_deta_jj > 6.0 and hbbfatjet_xbb > 0.8 and ld_vqqfatjet_xwqq > 0.6 and ld_vqqfatjet_xvqq > 0.6 and M_jj > 1000.0,1.1776711720961452,0.517173917897678,5.553962250450159,2.690540402358117,2.4853291817187624,6.70982328571803,811.9078171092975,1443.5275099214464,11,1459,2628,6.106925418569254,0.4765546769643885
abcdnet_score > 0.9687878787878788 and abs_deta_jj > 6.0 and hbbfatjet_xbb > 0.8 and ld_vqqfatjet_xwqq > 0.6 and ld_vqqfatjet_xvqq > 0.6 and M_jj > 1000.0,1.2316076995513914,0.5343486940320368,5.500025722994913,2.6733656262237577,3.124878093476765,7.293965955606049,811.2682681975396,1442.9433672515586,12,1459,2627,6.664636467453369,0.47707225785273993
abcdnet_score > 0.9816666666666667 and abs_deta_jj > 6.0 and hbbfatjet_xbb > 0.8 and ld_vqqfatjet_xwqq > 0.6 and ld_vqqfatjet_xvqq > 0.6 and M_jj > 1000.0,0.9405163512316931,0.39485241653266084,5.791117071314611,2.812861903723134,1.6871514347294385,4.2318086051583546,812.7059948562869,1446.0055246020063,7,1460,2632,3.882978723404255,0.4772916590651731
abcdnet_score > 0.9685353535353535 and abs_deta_jj > 6.0 and hbbfatjet_xbb > 0.8 and ld_vqqfatjet_xwqq > 0.6 and ld_vqqfatjet_xvqq > 0.6 and M_jj > 1000.0,1.236945827800108,0.5343486940320368,5.494687594746195,2.6733656262237577,3.124878093476765,7.336352623481933,811.2682681975396,1442.9009805836827,12,1459,2627,6.664636467453369,0.4791400209052528
abcdnet_score > 0.9708080808080808 and abs_deta_jj > 6.0 and hbbfatjet_xbb > 0.8 and ld_vqqfatjet_xwqq > 0.6 and ld_vqqfatjet_xvqq > 0.6 and M_jj > 1000.0,1.1874056937477233,0.5209778227889685,5.544227728798581,2.686736497466826,2.7094065048934954,6.711577562272267,811.6837397861227,1443.5257556448923,11,1459,2628,6.106925418569254,0.48049383411707114
abcdnet_score > 0.9814141414141414 and abs_deta_jj > 6.0 and hbbfatjet_xbb > 0.8 and ld_vqqfatjet_xwqq > 0.6 and ld_vqqfatjet_xvqq > 0.6 and M_jj > 1000.0,0.947576671335201,0.39706276562678633,5.784056751211104,2.8106515546290085,1.7489047682592154,4.2318086051583546,812.6442415227572,1446.0055246020063,7,1460,2632,3.882978723404255,0.48087461845904367
abcdnet_score > 0.9682828282828283 and abs_deta_jj > 6.0 and hbbfatjet_xbb > 0.8 and ld_vqqfatjet_xwqq > 0.6 and ld_vqqfatjet_xvqq > 0.6 and M_jj > 1000.0,1.242800072070939,0.5360289214379933,5.488833350475366,2.6716853988178015,3.1798554726109862,7.500636870044126,811.2132908184053,1442.7366963371205,12,1459,2627,6.664636467453369,0.4814077052769274
abcdnet_score > 0.9705555555555555 and abs_deta_jj > 6.0 and hbbfatjet_xbb > 0.8 and ld_vqqfatjet_xwqq > 0.6 and ld_vqqfatjet_xvqq > 0.6 and M_jj > 1000.0,1.189751967252675,0.5218280254546226,5.5418814552936295,2.6858862948011724,2.979864332479209,6.808362908416021,811.413281958537,1443.4289702987485,11,1459,2628,6.106925418569254,0.4814432736879084
abcdnet_score > 0.9703030303030302 and abs_deta_jj > 6.0 and hbbfatjet_xbb > 0.8 and ld_vqqfatjet_xwqq > 0.6 and ld_vqqfatjet_xvqq > 0.6 and M_jj > 1000.0,1.1926578547578202,0.5256981708775603,5.5389755677884835,2.682016149378234,2.979864332479209,7.030275769406322,811.413281958537,1443.2070574377583,11,1459,2628,6.106925418569254,0.48261916583345904
abcdnet_score > 0.9811616161616161 and abs_deta_jj > 6.0 and hbbfatjet_xbb > 0.8 and ld_vqqfatjet_xwqq > 0.6 and ld_vqqfatjet_xvqq > 0.6 and M_jj > 1000.0,0.9530055805098988,0.4006907742811996,5.778627842036405,2.8070235459745954,1.8160286219425117,4.2318086051583546,812.5771176690739,1446.0055246020063,7,1460,2632,3.882978723404255,0.48362967217343394
abcdnet_score > 0.968030303030303 and abs_deta_jj > 6.0 and hbbfatjet_xbb > 0.8 and ld_vqqfatjet_xwqq > 0.6 and ld_vqqfatjet_xvqq > 0.6 and M_jj > 1000.0,1.2517246996196207,0.5360289214379933,5.479908722926684,2.6716853988178015,3.223137978120742,7.500636870044126,811.1700083128956,1442.7366963371205,12,1459,2627,6.664636467453369,0.4848647250866405
abcdnet_score > 0.9809090909090908 and abs_deta_jj > 6.0 and hbbfatjet_xbb > 0.8 and ld_vqqfatjet_xwqq > 0.6 and ld_vqqfatjet_xvqq > 0.6 and M_jj > 1000.0,0.957470122230189,0.40264179131751004,5.774163300316115,2.805072528938285,1.8160286219425117,4.554792828791546,812.5771176690739,1445.6825403783732,7,1460,2632,3.882978723404255,0.48589533031095855
abcdnet_score > 0.9677777777777777 and abs_deta_jj > 6.0 and hbbfatjet_xbb > 0.8 and ld_vqqfatjet_xwqq > 0.6 and ld_vqqfatjet_xvqq > 0.6 and M_jj > 1000.0,1.2574799984738168,0.5374409977539405,5.474153424072488,2.670273322501854,3.223137978120742,7.500636870044126,811.1700083128956,1442.7366963371205,12,1459,2627,6.664636467453369,0.48709408222689604
abcdnet_score > 0.9806565656565657 and abs_deta_jj > 6.0 and hbbfatjet_xbb > 0.8 and ld_vqqfatjet_xwqq > 0.6 and ld_vqqfatjet_xvqq > 0.6 and M_jj > 1000.0,0.9622155020250434,0.40581474261090145,5.769417920521262,2.8018995776448934,1.8811488270690655,4.556456303133761,812.5119974639473,1445.680876904031,7,1460,2632,3.882978723404255,0.4883035076831161
abcdnet_score > 0.9804040404040404 and abs_deta_jj > 6.0 and hbbfatjet_xbb > 0.8 and ld_vqqfatjet_xwqq > 0.6 and ld_vqqfatjet_xvqq > 0.6 and M_jj > 1000.0,0.9653682435053546,0.4070001648244437,5.76626517904095,2.8007141554313515,1.8811488270690655,4.556456303133761,812.5119974639473,1445.680876904031,7,1460,2632,3.882978723404255,0.48990345563699345
abcdnet_score > 0.9675252525252525 and abs_deta_jj > 6.0 and hbbfatjet_xbb > 0.8 and ld_vqqfatjet_xwqq > 0.6 and ld_vqqfatjet_xvqq > 0.6 and M_jj > 1000.0,1.2688635123808112,0.5443892150072034,5.462769910165493,2.6633251052485916,3.223137978120742,7.500636870044126,811.1700083128956,1442.7366963371205,12,1459,2627,6.664636467453369,0.4915035696666758
abcdnet_score > 0.9801515151515151 and abs_deta_jj > 6.0 and hbbfatjet_xbb > 0.8 and ld_vqqfatjet_xwqq > 0.6 and ld_vqqfatjet_xvqq > 0.6 and M_jj > 1000.0,0.9691578544159843,0.4100780825261091,5.76247556813032,2.7976362377296855,1.8811488270690655,4.556456303133761,812.5119974639473,1445.680876904031,7,1460,2632,3.882978723404255,0.4918266010202473
abcdnet_score > 0.9723232323232323 and abs_deta_jj > 6.0 and hbbfatjet_xbb > 0.8 and ld_vqqfatjet_xwqq > 0.6 and ld_vqqfatjet_xvqq > 0.6 and M_jj > 1000.0,1.16167759527923,0.5014854272159222,5.569955827267074,2.7062288930398726,2.484320523387009,6.466516972860328,811.9088257676293,1443.7708162343042,10,1459,2629,5.549638645872956,0.4931207306357104
abcdnet_score > 0.9672727272727273 and abs_deta_jj > 6.0 and hbbfatjet_xbb > 0.8 and ld_vqqfatjet_xwqq > 0.6 and ld_vqqfatjet_xvqq > 0.6 and M_jj > 1000.0,1.2747931696825465,0.5490912411411387,5.456840252863758,2.658623079114656,3.2689177080047975,7.500636870044126,811.1242285830115,1442.7366963371205,12,1459,2627,6.664636467453369,0.4938004658278985
abcdnet_score > 0.9720707070707071 and abs_deta_jj > 6.0 and hbbfatjet_xbb > 0.8 and ld_vqqfatjet_xwqq > 0.6 and ld_vqqfatjet_xvqq > 0.6 and M_jj > 1000.0,1.1643490181438232,0.5041595683296046,5.56728440440248,2.70355475192619,2.484320523387009,6.467250389479023,811.9088257676293,1443.7700828176858,10,1459,2629,5.549638645872956,0.49425472340631943
abcdnet_score > 0.9798989898989898 and abs_deta_jj > 6.0 and hbbfatjet_xbb > 0.8 and ld_vqqfatjet_xwqq > 0.6 and ld_vqqfatjet_xvqq > 0.6 and M_jj > 1000.0,0.9757783810136522,0.41178721628874804,5.7558550415326515,2.7959271039670464,2.188456326276495,4.556456303133761,812.2046899647398,1445.680876904031,7,1460,2632,3.882978723404255,0.49518637474406163
abcdnet_score > 0.967020202020202 and abs_deta_jj > 6.0 and hbbfatjet_xbb > 0.8 and ld_vqqfatjet_xwqq > 0.6 and ld_vqqfatjet_xvqq > 0.6 and M_jj > 1000.0,1.2799883229531475,0.549646100988025,5.451645099593157,2.65806821926777,3.2689177080047975,7.500636870044126,811.1242285830115,1442.7366963371205,12,1459,2627,6.664636467453369,0.49581284647605406
abcdnet_score > 0.9874747474747475 and abs_deta_jj > 6.0 and hbbfatjet_xbb > 0.8 and ld_vqqfatjet_xwqq > 0.6 and ld_vqqfatjet_xvqq > 0.6 and M_jj > 1000.0,0.7404489705034268,0.31789754223487726,5.991184452042877,2.8898167780209176,1.1437842402955996,2.575807153975341,813.2493620507207,1447.6615260531894,4,1462,2635,2.2193548387096773,0.49702903697619855
abcdnet_score > 0.9796464646464647 and abs_deta_jj > 6.0 and hbbfatjet_xbb > 0.8 and ld_vqqfatjet_xwqq > 0.6 and ld_vqqfatjet_xvqq > 0.6 and M_jj > 1000.0,0.9800821155503447,0.41310565050770953,5.7515513069959585,2.794608669748085,2.232630496117611,4.556456303133761,812.1605157948986,1445.680876904031,7,1460,2632,3.882978723404255,0.4973704267220033
abcdnet_score > 0.9667676767676767 and abs_deta_jj > 6.0 and hbbfatjet_xbb > 0.8 and ld_vqqfatjet_xwqq > 0.6 and ld_vqqfatjet_xvqq > 0.6 and M_jj > 1000.0,1.2852202510853985,0.5505076985634345,5.446413171460906,2.65720662169236,3.2689177080047975,7.5838970406873285,811.1242285830115,1442.6534361664774,12,1459,2627,6.664636467453369,0.49783947213606367
abcdnet_score > 0.9665151515151514 and abs_deta_jj > 6.0 and hbbfatjet_xbb > 0.8 and ld_vqqfatjet_xwqq > 0.6 and ld_vqqfatjet_xvqq > 0.6 and M_jj > 1000.0,1.2861249361840825,0.5520266556524553,5.445508486362222,2.655687664603339,3.3231114600990237,7.5838970406873285,811.0700348309173,1442.6534361664774,12,1459,2627,6.664636467453369,0.49818990853138023
abcdnet_score > 0.9793939393939394 and abs_deta_jj > 6.0 and hbbfatjet_xbb > 0.8 and ld_vqqfatjet_xwqq > 0.6 and ld_vqqfatjet_xvqq > 0.6 and M_jj > 1000.0,0.9865316033426471,0.4180499416039541,5.745101819203657,2.7896643786518407,2.232630496117611,4.6237189857580505,812.1605157948986,1445.6136142214068,7,1460,2632,3.882978723404255,0.500643401959996
abcdnet_score > 0.9872222222222222 and abs_deta_jj > 6.0 and hbbfatjet_xbb > 0.8 and ld_vqqfatjet_xwqq > 0.6 and ld_vqqfatjet_xvqq > 0.6 and M_jj > 1000.0,0.7474153070476047,0.3216943612845937,5.984218115498699,2.886019958971201,1.2611057298227553,2.6247677709337585,813.1320405611935,1447.6125654362309,4,1462,2635,2.2193548387096773,0.5017052154594378
abcdnet_score > 0.9662626262626263 and abs_deta_jj > 6.0 and hbbfatjet_xbb > 0.8 and ld_vqqfatjet_xwqq > 0.6 and ld_vqqfatjet_xvqq > 0.6 and M_jj > 1000.0,1.2966473105547203,0.5553981871263711,5.434986111991584,2.652316133129424,3.3231114600990237,7.5838970406873285,811.0700348309173,1442.6534361664774,12,1459,2627,6.664636467453369,0.5022658272681667
abcdnet_score > 0.9791414141414141 and abs_deta_jj > 6.0 and hbbfatjet_xbb > 0.8 and ld_vqqfatjet_xwqq > 0.6 and ld_vqqfatjet_xvqq > 0.6 and M_jj > 1000.0,0.993455901434968,0.4256823704856042,5.738177521111337,2.7820319497701904,2.278073947829281,4.6237189857580505,812.115072343187,1445.6136142214068,7,1460,2632,3.882978723404255,0.5041573331319714
abcdnet_score > 0.966010101010101 and abs_deta_jj > 6.0 and hbbfatjet_xbb > 0.8 and ld_vqqfatjet_xwqq > 0.6 and ld_vqqfatjet_xvqq > 0.6 and M_jj > 1000.0,1.3018780924060773,0.5564219452480189,5.429755330140226,2.651292375007776,3.3231114600990237,7.583959088748329,811.0700348309173,1442.6533741184164,12,1459,2627,6.664636467453369,0.5042920089078812
abcdnet_score > 0.9657575757575757 and abs_deta_jj > 6.0 and hbbfatjet_xbb > 0.8 and ld_vqqfatjet_xwqq > 0.6 and ld_vqqfatjet_xvqq > 0.6 and M_jj > 1000.0,1.3073544897589104,0.5632413239938023,5.424278932787394,2.6444729962619924,3.3231114600990237,7.583959088748329,811.0700348309173,1442.6533741184164,12,1459,2627,6.664636467453369,0.5064133315100106
abcdnet_score > 0.9869696969696969 and abs_deta_jj > 6.0 and hbbfatjet_xbb > 0.8 and ld_vqqfatjet_xwqq > 0.6 and ld_vqqfatjet_xvqq > 0.6 and M_jj > 1000.0,0.7547201370919766,0.3248391416185563,5.976913285454327,2.8828751786372386,1.311944537593204,2.7269670918990863,813.0812017534231,1447.5103661152655,4,1462,2635,2.2193548387096773,0.5066086089232176
abcdnet_score > 0.9655050505050504 and abs_deta_jj > 6.0 and hbbfatjet_xbb > 0.8 and ld_vqqfatjet_xwqq > 0.6 and ld_vqqfatjet_xvqq > 0.6 and M_jj > 1000.0,1.3131973896011613,0.5663960081864584,5.418436032945143,2.6413183120693366,3.3231114600990237,7.63129895517923,811.0700348309173,1442.6060342519854,12,1459,2627,6.664636467453369,0.5086766215342328
abcdnet_score > 0.9788888888888889 and abs_deta_jj > 6.0 and hbbfatjet_xbb > 0.8 and ld_vqqfatjet_xwqq > 0.6 and ld_vqqfatjet_xvqq > 0.6 and M_jj > 1000.0,1.0027504720888483,0.42968854264125084,5.728882950457455,2.778025777614544,2.278073947829281,4.6895382273963335,812.115072343187,1445.5477949797687,7,1460,2632,3.882978723404255,0.5088741262444775
abcdnet_score > 0.9652525252525253 and abs_deta_jj > 6.0 and hbbfatjet_xbb > 0.8 and ld_vqqfatjet_xwqq > 0.6 and ld_vqqfatjet_xvqq > 0.6 and M_jj > 1000.0,1.3165777736155366,0.5692677776102117,5.4150556489307675,2.6384465426455828,3.3231114600990237,7.63129895517923,811.0700348309173,1442.6060342519854,12,1459,2627,6.664636467453369,0.5099860380267854
abcdnet_score > 0.9786363636363636 and abs_deta_jj > 6.0 and hbbfatjet_xbb > 0.8 and ld_vqqfatjet_xwqq > 0.6 and ld_vqqfatjet_xvqq > 0.6 and M_jj > 1000.0,1.0077796436636128,0.4348156993887451,5.723853778882691,2.77289862086705,2.278073947829281,4.89088512636666,812.115072343187,1445.346448080798,7,1460,2632,3.882978723404255,0.5114263217926988
abcdnet_score > 0.965 and abs_deta_jj > 6.0 and hbbfatjet_xbb > 0.8 and ld_vqqfatjet_xwqq > 0.6 and ld_vqqfatjet_xvqq > 0.6 and M_jj > 1000.0,1.3212362351405837,0.5692677776102117,5.41039718740572,2.6384465426455828,3.3600790652047126,7.885698540564602,811.0330672258115,1442.3516346666001,12,1459,2627,6.664636467453369,0.5117905271986896
abcdnet_score > 0.9730808080808081 and abs_deta_jj > 6.0 and hbbfatjet_xbb > 0.8 and ld_vqqfatjet_xwqq > 0.6 and ld_vqqfatjet_xvqq > 0.6 and M_jj > 1000.0,1.1480796216764464,0.4949151965380709,5.583553800869858,2.712799123717724,2.3704821490323953,6.33037551352297,812.022664141984,1443.9069576936417,9,1459,2630,4.99277566539924,0.5138081419017069
abcdnet_score > 0.9783838383838384 and abs_deta_jj > 6.0 and hbbfatjet_xbb > 0.8 and ld_vqqfatjet_xwqq > 0.6 and ld_vqqfatjet_xvqq > 0.6 and M_jj > 1000.0,1.0130375934257225,0.440320726494245,5.718595829120582,2.7673935937615495,2.278073947829281,4.953936336907825,812.115072343187,1445.2833968702569,7,1460,2632,3.882978723404255,0.5140946173113807
abcdnet_score > 0.9728282828282828 and abs_deta_jj > 6.0 and hbbfatjet_xbb > 0.8 and ld_vqqfatjet_xwqq > 0.6 and ld_vqqfatjet_xvqq > 0.6 and M_jj > 1000.0,1.1504276701121956,0.49576462388664033,5.5812057524341085,2.7119496963691545,2.3704821490323953,6.330962490658244,812.022664141984,1443.9063707165064,9,1459,2630,4.99277566539924,0.5148589805204655
abcdnet_score > 0.9781313131313131 and abs_deta_jj > 6.0 and hbbfatjet_xbb > 0.8 and ld_vqqfatjet_xwqq > 0.6 and ld_vqqfatjet_xvqq > 0.6 and M_jj > 1000.0,1.0218439608884529,0.4418556402361226,5.709789461657851,2.7658586800196723,2.278073947829281,4.953936336907825,812.115072343187,1445.2833968702569,7,1460,2632,3.882978723404255,0.5185636578879955
abcdnet_score > 0.9725757575757575 and abs_deta_jj > 6.0 and hbbfatjet_xbb > 0.8 and ld_vqqfatjet_xwqq > 0.6 and ld_vqqfatjet_xvqq > 0.6 and M_jj > 1000.0,1.159861378420208,0.49777345304241205,5.571772044126096,2.7099408672133825,2.3704821490323953,6.330962490658244,812.022664141984,1443.9063707165064,9,1459,2630,4.99277566539924,0.5190809143005501
abcdnet_score > 0.9778787878787879 and abs_deta_jj > 6.0 and hbbfatjet_xbb > 0.8 and ld_vqqfatjet_xwqq > 0.6 and ld_vqqfatjet_xvqq > 0.6 and M_jj > 1000.0,1.0339557436165663,0.44400818181673407,5.697677678929738,2.7637061384390607,2.278073947829281,4.954325402321169,812.115072343187,1445.2830078048437,7,1460,2632,3.882978723404255,0.5247101250546403
abcdnet_score > 0.9776262626262626 and abs_deta_jj > 6.0 and hbbfatjet_xbb > 0.8 and ld_vqqfatjet_xwqq > 0.6 and ld_vqqfatjet_xvqq > 0.6 and M_jj > 1000.0,1.038634111618584,0.44545141140162325,5.69299931092772,2.7622629088541713,2.3450151383831166,5.1665353577268585,812.0481311526332,1445.070797849438,7,1460,2632,3.882978723404255,0.5270842953946628
abcdnet_score > 0.9773737373737373 and abs_deta_jj > 6.0 and hbbfatjet_xbb > 0.8 and ld_vqqfatjet_xwqq > 0.6 and ld_vqqfatjet_xvqq > 0.6 and M_jj > 1000.0,1.0424843904126369,0.4482672859260233,5.689149032133667,2.7594470343297717,2.3450151383831166,5.4175391066503185,812.0481311526332,1444.8197941005146,7,1460,2632,3.882978723404255,0.5290382284135522
abcdnet_score > 0.9771212121212121 and abs_deta_jj > 6.0 and hbbfatjet_xbb > 0.8 and ld_vqqfatjet_xwqq > 0.6 and ld_vqqfatjet_xvqq > 0.6 and M_jj > 1000.0,1.0490110299402813,0.45258439247318605,5.682622392606023,2.7551299277826087,2.3450151383831166,5.5781889680442225,812.0481311526332,1444.6591442391205,7,1460,2632,3.882978723404255,0.5323503564846805
abcdnet_score > 0.9768686868686869 and abs_deta_jj > 6.0 and hbbfatjet_xbb > 0.8 and ld_vqqfatjet_xwqq > 0.6 and ld_vqqfatjet_xvqq > 0.6 and M_jj > 1000.0,1.058203961077999,0.4548459015674649,5.673429461468304,2.75286841868833,2.3450151383831166,5.6334561715430995,812.0481311526332,1444.6038770356217,7,1460,2632,3.882978723404255,0.5370155697461481
abcdnet_score > 0.9766161616161616 and abs_deta_jj > 6.0 and hbbfatjet_xbb > 0.8 and ld_vqqfatjet_xwqq > 0.6 and ld_vqqfatjet_xvqq > 0.6 and M_jj > 1000.0,1.062246142631361,0.45628836019179464,5.669387279914942,2.751425960064,2.3450151383831166,5.632646619945882,812.0481311526332,1444.604686587219,7,1460,2632,3.882978723404255,0.5390668892551819
abcdnet_score > 0.9738383838383838 and abs_deta_jj > 6.0 and hbbfatjet_xbb > 0.8 and ld_vqqfatjet_xwqq > 0.6 and ld_vqqfatjet_xvqq > 0.6 and M_jj > 1000.0,1.1396054875828563,0.48438186502828123,5.592027934963447,2.7233324552275135,2.3450151383831166,6.263787939509023,812.0481311526332,1443.9735452676557,8,1459,2631,4.436335993918662,0.5410561232988294
abcdnet_score > 0.9735858585858586 and abs_deta_jj > 6.0 and hbbfatjet_xbb > 0.8 and ld_vqqfatjet_xwqq > 0.6 and ld_vqqfatjet_xvqq > 0.6 and M_jj > 1000.0,1.144350255636397,0.4868171777565869,5.5872831669099075,2.720897142499208,2.3704821490323953,6.263787939509023,812.022664141984,1443.9735452676557,8,1459,2631,4.436335993918662,0.5433088202513914
abcdnet_score > 0.9763636363636363 and abs_deta_jj > 6.0 and hbbfatjet_xbb > 0.8 and ld_vqqfatjet_xwqq > 0.6 and ld_vqqfatjet_xvqq > 0.6 and M_jj > 1000.0,1.07074688779734,0.4574425328942555,5.660886534748963,2.750271787361539,2.3450151383831166,5.632646619945882,812.0481311526332,1444.604686587219,7,1460,2632,3.882978723404255,0.5433808331416937
abcdnet_score > 0.9733333333333333 and abs_deta_jj > 6.0 and hbbfatjet_xbb > 0.8 and ld_vqqfatjet_xwqq > 0.6 and ld_vqqfatjet_xvqq > 0.6 and M_jj > 1000.0,1.1459079155784877,0.4937226950953026,5.585725506967815,2.7139916251604923,2.3704821490323953,6.263787939509023,812.022664141984,1443.9735452676557,8,1459,2631,4.436335993918662,0.5440483581518916
abcdnet_score > 0.976111111111111 and abs_deta_jj > 6.0 and hbbfatjet_xbb > 0.8 and ld_vqqfatjet_xwqq > 0.6 and ld_vqqfatjet_xvqq > 0.6 and M_jj > 1000.0,1.0858404458844935,0.4599944517557744,5.645792976661811,2.7477198685000204,2.3450151383831166,5.675802986295687,812.0481311526332,1444.5615302208691,7,1460,2632,3.882978723404255,0.5510404866619963
abcdnet_score > 0.9758585858585859 and abs_deta_jj > 6.0 and hbbfatjet_xbb > 0.8 and ld_vqqfatjet_xwqq > 0.6 and ld_vqqfatjet_xvqq > 0.6 and M_jj > 1000.0,1.0887315453393303,0.4606647494079207,5.642901877206973,2.747049570847874,2.3450151383831166,5.745907578145848,812.0481311526332,1444.491425629019,7,1460,2632,3.882978723404255,0.552507656960008
abcdnet_score > 0.9756060606060606 and abs_deta_jj > 6.0 and hbbfatjet_xbb > 0.8 and ld_vqqfatjet_xwqq > 0.6 and ld_vqqfatjet_xvqq > 0.6 and M_jj > 1000.0,1.0910591006458836,0.4643929468372078,5.64057432190042,2.7433213734185866,2.3450151383831166,5.822779490604511,812.0481311526332,1444.4145537165602,7,1460,2632,3.882978723404255,0.5536888408196782
abcdnet_score > 0.9753535353535353 and abs_deta_jj > 6.0 and hbbfatjet_xbb > 0.8 and ld_vqqfatjet_xwqq > 0.6 and ld_vqqfatjet_xvqq > 0.6 and M_jj > 1000.0,1.0991916526887424,0.46919864180971566,5.632441769857562,2.7385156784460793,2.3450151383831166,5.823594104519833,812.0481311526332,1444.413739102645,7,1460,2632,3.882978723404255,0.5578159346781599
abcdnet_score > 0.97510101010101 and abs_deta_jj > 6.0 and hbbfatjet_xbb > 0.8 and ld_vqqfatjet_xwqq > 0.6 and ld_vqqfatjet_xvqq > 0.6 and M_jj > 1000.0,1.1042431055458246,0.47180954631513927,5.627390317000479,2.7359047739406552,2.3450151383831166,5.957064867621354,812.0481311526332,1444.2802683395435,7,1459,2632,3.88031914893617,0.5605714469009939
abcdnet_score > 0.9748484848484849 and abs_deta_jj > 6.0 and hbbfatjet_xbb > 0.8 and ld_vqqfatjet_xwqq > 0.6 and ld_vqqfatjet_xvqq > 0.6 and M_jj > 1000.0,1.1142106933772964,0.4732045016724539,5.617422729169007,2.7345098185833407,2.3450151383831166,5.957064867621354,812.0481311526332,1444.2802683395435,7,1459,2632,3.88031914893617,0.5656315148377903
abcdnet_score > 0.9745959595959596 and abs_deta_jj > 6.0 and hbbfatjet_xbb > 0.8 and ld_vqqfatjet_xwqq > 0.6 and ld_vqqfatjet_xvqq > 0.6 and M_jj > 1000.0,1.122166972645645,0.48068618066157687,5.60946644990066,2.7270281395942177,2.3450151383831166,6.095486907657804,812.0481311526332,1444.141846299507,7,1459,2632,3.88031914893617,0.5696705375484659
abcdnet_score > 0.9743434343434343 and abs_deta_jj > 6.0 and hbbfatjet_xbb > 0.8 and ld_vqqfatjet_xwqq > 0.6 and ld_vqqfatjet_xvqq > 0.6 and M_jj > 1000.0,1.130124484269364,0.4816411166583306,5.6015089382769405,2.7260732035974637,2.3450151383831166,6.095486907657804,812.0481311526332,1444.141846299507,7,1459,2632,3.88031914893617,0.5737101858670621
abcdnet_score > 0.9740909090909091 and abs_deta_jj > 6.0 and hbbfatjet_xbb > 0.8 and ld_vqqfatjet_xwqq > 0.6 and ld_vqqfatjet_xvqq > 0.6 and M_jj > 1000.0,1.1358516465888115,0.482352713547257,5.595781775957493,2.725361606708538,2.3450151383831166,6.095486907657804,812.0481311526332,1444.141846299507,7,1459,2632,3.88031914893617,0.5766175924444051
abcdnet_score > 0.9882323232323232 and abs_deta_jj > 6.0 and hbbfatjet_xbb > 0.8 and ld_vqqfatjet_xwqq > 0.6 and ld_vqqfatjet_xvqq > 0.6 and M_jj > 1000.0,0.7097210243675861,0.3035249248388114,6.021912398178718,2.9041893954169833,1.1437842402955996,2.424077408669039,813.2493620507207,1447.8132557984954,2,1462,2637,1.1088357982555934,0.6739909288462159
abcdnet_score > 0.987979797979798 and abs_deta_jj > 6.0 and hbbfatjet_xbb > 0.8 and ld_vqqfatjet_xwqq > 0.6 and ld_vqqfatjet_xvqq > 0.6 and M_jj > 1000.0,0.7222078815209907,0.30626936851212866,6.009425541025314,2.9014449517436662,1.1437842402955996,2.4838258043940504,813.2493620507207,1447.7535074027705,2,1462,2637,1.1088357982555934,0.685849149417732
abcdnet_score > 0.9877272727272727 and abs_deta_jj > 6.0 and hbbfatjet_xbb > 0.8 and ld_vqqfatjet_xwqq > 0.6 and ld_vqqfatjet_xvqq > 0.6 and M_jj > 1000.0,0.7344316238295063,0.31432459404265833,5.997201798716798,2.8933897262131367,1.1437842402955996,2.575807153975341,813.2493620507207,1447.6615260531894,2,1462,2637,1.1088357982555934,0.6974575013611376
abcdnet_score > 0.99 and abs_deta_jj > 6.0 and hbbfatjet_xbb > 0.8 and ld_vqqfatjet_xwqq > 0.6 and ld_vqqfatjet_xvqq > 0.6 and M_jj > 1000.0,0.6402504077795665,0.2780748994321357,6.091383014766738,2.9296394208236594,0.8801440289477034,2.1433151652765736,813.5130022620685,1448.0940180418884,1,1462,2638,0.55420773313116,0.8600299450526163
abcdnet_score > 0.9897474747474747 and abs_deta_jj > 6.0 and hbbfatjet_xbb > 0.8 and ld_vqqfatjet_xwqq > 0.6 and ld_vqqfatjet_xvqq > 0.6 and M_jj > 1000.0,0.6493967472151569,0.2813125343482106,6.082236675331147,2.9264017859075846,0.8801440289477034,2.1433151652765736,813.5130022620685,1448.0940180418884,1,1462,2638,0.55420773313116,0.8723159595660684
abcdnet_score > 0.9894949494949495 and abs_deta_jj > 6.0 and hbbfatjet_xbb > 0.8 and ld_vqqfatjet_xwqq > 0.6 and ld_vqqfatjet_xvqq > 0.6 and M_jj > 1000.0,0.6578528839215476,0.28378085388484675,6.0737805386247565,2.923933466370948,0.8801440289477034,2.319843033945003,813.5130022620685,1447.91749017322,1,1462,2638,0.55420773313116,0.8836748446188343
abcdnet_score > 0.9892424242424243 and abs_deta_jj > 6.0 and hbbfatjet_xbb > 0.8 and ld_vqqfatjet_xwqq > 0.6 and ld_vqqfatjet_xvqq > 0.6 and M_jj > 1000.0,0.6667562871228083,0.28777776185137316,6.064877135423496,2.9199365584044212,0.8801440289477034,2.4238496054109375,813.5130022620685,1447.8134836017537,1,1462,2638,0.55420773313116,0.8956345298809135
abcdnet_score > 0.988989898989899 and abs_deta_jj > 6.0 and hbbfatjet_xbb > 0.8 and ld_vqqfatjet_xwqq > 0.6 and ld_vqqfatjet_xvqq > 0.6 and M_jj > 1000.0,0.6795182090670128,0.291899042080468,6.052115213479292,2.9158152781753266,0.8801440289477034,2.4238496054109375,813.5130022620685,1447.8134836017537,1,1462,2638,0.55420773313116,0.9127772523143193
abcdnet_score > 0.9887373737373737 and abs_deta_jj > 6.0 and hbbfatjet_xbb > 0.8 and ld_vqqfatjet_xwqq > 0.6 and ld_vqqfatjet_xvqq > 0.6 and M_jj > 1000.0,0.6868933432494831,0.29649818909810066,6.044740079296821,2.911216131157694,0.8801440289477034,2.424077408669039,813.5130022620685,1447.8132557984954,1,1462,2638,0.55420773313116,0.922684057790169
abcdnet_score > 0.9884848484848485 and abs_deta_jj > 6.0 and hbbfatjet_xbb > 0.8 and ld_vqqfatjet_xwqq > 0.6 and ld_vqqfatjet_xvqq > 0.6 and M_jj > 1000.0,0.6999065755018078,0.2987650388702804,6.031726847044496,2.9089492813855147,1.1437842402955996,2.424077408669039,813.2493620507207,1447.8132557984954,1,1462,2638,0.55420773313116,0.9401643581272474
